실험번호,파라미터 그룹,Epoch,종료Epoch,Train Accuracy,Validation Accuracy,Validation Loss,Seed,성능요약,메모
CNN-02_1,01,100,1,43.86%,53.03%,1.3071,20,하락,
CNN-02_2,01,100,2,57.15%,61.11%,1.1005,20,하락,
CNN-02_3,01,100,3,63.23%,62.12%,1.0758,20,하락,
CNN-02_4,01,100,4,66.68%,67.12%,0.9435,20,하락,
CNN-02_5,01,100,5,69.29%,68.12%,0.9169,20,하락,
CNN-02_6,01,100,6,71.45%,68.57%,0.9097,20,하락,
CNN-02_7,01,100,7,73.09%,69.45%,0.8864,20,하락,
CNN-02_8,01,100,8,74.53%,69.23%,0.8890,20,하락,
CNN-02_9,01,100,9,75.71%,71.17%,0.8405,20,상승,
CNN-02_10,01,100,10,76.98%,69.98%,0.8849,20,상승,
CNN-02_11,01,100,11,78.50%,71.34%,0.8475,20,상승,
CNN-02_12,01,100,12,79.62%,70.33%,0.8873,20,상승,
CNN-02_13,01,100,13,80.56%,70.64%,0.9170,20,상승,
CNN-02_14,01,100,14,81.40%,70.51%,0.9173,20,상승,
CNN-02_15,01,100,15,82.40%,70.29%,0.9616,20,상승,
CNN-02_16,01,100,16,83.65%,69.94%,0.9790,20,상승,
CNN-02_17,02,100,1,44.25%,55.13%,1.2773,20,하락,
CNN-02_18,02,100,2,58.06%,60.44%,1.1231,20,하락,
CNN-02_19,02,100,3,63.71%,65.05%,1.0113,20,하락,
CNN-02_20,02,100,4,67.02%,64.41%,1.0296,20,하락,
CNN-02_21,02,100,5,69.73%,68.69%,0.9001,20,하락,
CNN-02_22,02,100,6,71.73%,68.46%,0.9197,20,하락,
CNN-02_23,02,100,7,73.65%,68.98%,0.9047,20,하락,
CNN-02_24,02,100,8,74.83%,69.92%,0.8965,20,상승,
CNN-02_25,02,100,9,76.55%,70.13%,0.8833,20,상승,
CNN-02_26,02,100,10,77.81%,70.48%,0.8825,20,상승,
CNN-02_27,02,100,11,78.84%,71.43%,0.8668,20,상승,
CNN-02_28,02,100,12,80.10%,70.84%,0.8681,20,상승,
CNN-02_29,02,100,13,81.30%,71.24%,0.9014,20,상승,
CNN-02_30,02,100,14,81.99%,70.33%,0.9498,20,상승,
CNN-02_31,02,100,15,82.86%,71.47%,0.9047,20,상승,
CNN-02_32,02,100,16,83.98%,69.42%,1.0397,20,하락,
CNN-02_33,02,100,17,84.82%,70.60%,1.0140,20,상승,
CNN-02_34,02,100,18,85.66%,69.99%,1.0550,20,상승,
CNN-02_35,03,100,1,43.94%,54.21%,1.2778,20,하락,
CNN-02_36,03,100,2,58.21%,60.67%,1.1127,20,하락,
CNN-02_37,03,100,3,63.69%,62.72%,1.0492,20,하락,
CNN-02_38,03,100,4,67.79%,66.94%,0.9450,20,하락,
CNN-02_39,03,100,5,70.37%,66.61%,0.9595,20,하락,
CNN-02_40,03,100,6,72.43%,69.10%,0.9048,20,하락,
CNN-02_41,03,100,7,74.17%,69.80%,0.8804,20,상승,
CNN-02_42,03,100,8,75.90%,69.63%,0.8865,20,하락,
CNN-02_43,03,100,9,77.01%,71.22%,0.8602,20,상승,
CNN-02_44,03,100,10,78.67%,70.89%,0.8651,20,상승,
CNN-02_45,03,100,11,80.01%,70.23%,0.8949,20,상승,
CNN-02_46,03,100,12,80.84%,70.08%,0.9250,20,상승,
CNN-02_47,03,100,13,82.02%,70.41%,0.9453,20,상승,
CNN-02_48,03,100,14,83.07%,69.89%,0.9644,20,상승,
CNN-02_49,03,100,15,84.13%,70.58%,0.9910,20,상승,
CNN-02_50,03,100,16,84.71%,70.76%,1.0027,20,상승,
CNN-02_51,04,100,1,43.67%,54.81%,1.2727,20,하락,
CNN-02_52,04,100,2,58.23%,62.02%,1.0758,20,하락,
CNN-02_53,04,100,3,63.93%,64.48%,1.0122,20,하락,
CNN-02_54,04,100,4,67.39%,66.02%,0.9781,20,하락,
CNN-02_55,04,100,5,69.99%,66.95%,0.9641,20,하락,
CNN-02_56,04,100,6,72.06%,66.53%,0.9779,20,하락,
CNN-02_57,04,100,7,73.70%,70.13%,0.8627,20,상승,
CNN-02_58,04,100,8,75.60%,66.23%,1.0078,20,하락,
CNN-02_59,04,100,9,76.41%,69.45%,0.8974,20,하락,
CNN-02_60,04,100,10,78.26%,71.54%,0.8790,20,상승,
CNN-02_61,04,100,11,79.20%,71.26%,0.8829,20,상승,
CNN-02_62,04,100,12,80.56%,71.85%,0.8785,20,상승,
CNN-02_63,04,100,13,81.77%,71.27%,0.9204,20,상승,
CNN-02_64,04,100,14,82.63%,70.71%,0.9460,20,상승,
CNN-02_65,05,100,1,44.11%,55.15%,1.2524,20,하락,
CNN-02_66,05,100,2,58.17%,58.33%,1.1733,20,하락,
CNN-02_67,05,100,3,63.49%,61.88%,1.0711,20,하락,
CNN-02_68,05,100,4,67.25%,67.37%,0.9257,20,하락,
CNN-02_69,05,100,5,69.51%,68.53%,0.9095,20,하락,
CNN-02_70,05,100,6,71.65%,67.69%,0.9346,20,하락,
CNN-02_71,05,100,7,73.22%,68.83%,0.8995,20,하락,
CNN-02_72,05,100,8,74.66%,71.43%,0.8408,20,상승,
CNN-02_73,05,100,9,76.03%,70.12%,0.8992,20,상승,
CNN-02_74,05,100,10,77.45%,69.08%,0.9234,20,하락,
CNN-02_75,05,100,11,78.59%,71.47%,0.8546,20,상승,
CNN-02_76,05,100,12,79.88%,71.23%,0.8714,20,상승,
CNN-02_77,05,100,13,80.84%,69.67%,0.9388,20,하락,
CNN-02_78,05,100,14,81.79%,70.51%,0.9349,20,상승,
CNN-02_79,05,100,15,82.88%,70.70%,0.9626,20,상승,
CNN-02_80,06,100,1,44.39%,55.57%,1.2484,20,하락,
CNN-02_81,06,100,2,58.29%,61.39%,1.1067,20,하락,
CNN-02_82,06,100,3,63.44%,65.12%,1.0016,20,하락,
CNN-02_83,06,100,4,67.32%,67.37%,0.9403,20,하락,
CNN-02_84,06,100,5,70.14%,68.21%,0.9355,20,하락,
CNN-02_85,06,100,6,72.01%,69.52%,0.8903,20,하락,
CNN-02_86,06,100,7,73.61%,71.47%,0.8569,20,상승,
CNN-02_87,06,100,8,75.39%,69.93%,0.8815,20,상승,
CNN-02_88,06,100,9,76.46%,71.71%,0.8463,20,상승,
CNN-02_89,06,100,10,77.93%,71.89%,0.8473,20,상승,
CNN-02_90,06,100,11,78.89%,71.67%,0.8781,20,상승,
CNN-02_91,06,100,12,79.89%,72.53%,0.8504,20,상승,
CNN-02_92,06,100,13,80.95%,72.38%,0.8772,20,상승,
CNN-02_93,06,100,14,81.80%,72.42%,0.8819,20,상승,
CNN-02_94,06,100,15,82.76%,71.21%,0.9247,20,상승,
CNN-02_95,06,100,16,83.72%,71.36%,0.9640,20,상승,
CNN-02_96,07,100,1,44.15%,55.14%,1.2606,20,하락,
CNN-02_97,07,100,2,58.58%,62.14%,1.0742,20,하락,
CNN-02_98,07,100,3,64.21%,65.60%,0.9924,20,하락,
CNN-02_99,07,100,4,67.66%,67.31%,0.9387,20,하락,
CNN-02_100,07,100,5,70.27%,68.27%,0.9097,20,하락,
CNN-02_101,07,100,6,72.18%,69.17%,0.8927,20,하락,
CNN-02_102,07,100,7,74.19%,70.25%,0.8672,20,상승,
CNN-02_103,07,100,8,75.40%,69.08%,0.9085,20,하락,
CNN-02_104,07,100,9,76.94%,71.26%,0.8534,20,상승,
CNN-02_105,07,100,10,78.07%,70.62%,0.8723,20,상승,
CNN-02_106,07,100,11,79.21%,71.14%,0.8799,20,상승,
CNN-02_107,07,100,12,80.40%,70.79%,0.8968,20,상승,
CNN-02_108,07,100,13,81.55%,71.32%,0.8951,20,상승,
CNN-02_109,07,100,14,82.56%,71.48%,0.9156,20,상승,
CNN-02_110,07,100,15,83.49%,70.13%,0.9853,20,상승,
CNN-02_111,07,100,16,84.32%,71.10%,0.9721,20,상승,
CNN-02_112,08,100,1,43.58%,55.02%,1.2718,20,하락,
CNN-02_113,08,100,2,58.33%,61.71%,1.0910,20,하락,
CNN-02_114,08,100,3,63.64%,63.94%,1.0175,20,하락,
CNN-02_115,08,100,4,66.94%,66.63%,0.9483,20,하락,
CNN-02_116,08,100,5,69.29%,68.83%,0.9008,20,하락,
CNN-02_117,08,100,6,71.34%,68.64%,0.8987,20,하락,
CNN-02_118,08,100,7,73.38%,70.58%,0.8572,20,상승,
CNN-02_119,08,100,8,74.86%,69.86%,0.8817,20,상승,
CNN-02_120,08,100,9,76.05%,70.83%,0.8522,20,상승,
CNN-02_121,08,100,10,77.32%,69.82%,0.8946,20,상승,
CNN-02_122,08,100,11,78.59%,70.44%,0.8988,20,상승,
CNN-02_123,08,100,12,79.70%,70.57%,0.8923,20,상승,
CNN-02_124,08,100,13,80.78%,71.67%,0.8870,20,상승,
CNN-02_125,08,100,14,81.83%,70.39%,0.9422,20,상승,
CNN-02_126,08,100,15,82.60%,71.38%,0.9216,20,상승,
CNN-02_127,08,100,16,83.76%,70.12%,0.9809,20,상승,
CNN-02_128,09,100,1,44.35%,54.74%,1.2789,20,하락,
CNN-02_129,09,100,2,59.17%,63.25%,1.0621,20,하락,
CNN-02_130,09,100,3,64.44%,65.13%,1.0271,20,하락,
CNN-02_131,09,100,4,67.84%,67.81%,0.9373,20,하락,
CNN-02_132,09,100,5,70.07%,69.44%,0.8830,20,하락,
CNN-02_133,09,100,6,71.82%,71.14%,0.8554,20,상승,
CNN-02_134,09,100,7,73.86%,70.83%,0.8640,20,상승,
CNN-02_135,09,100,8,75.61%,70.20%,0.8961,20,상승,
CNN-02_136,09,100,9,76.87%,72.56%,0.8325,20,상승,
CNN-02_137,09,100,10,77.91%,71.98%,0.8600,20,상승,
CNN-02_138,09,100,11,79.36%,72.05%,0.8617,20,상승,
CNN-02_139,09,100,12,80.35%,72.61%,0.8756,20,최고성능,
CNN-02_140,09,100,13,81.29%,72.12%,0.8865,20,상승,
CNN-02_141,09,100,14,82.25%,71.74%,0.9329,20,상승,
CNN-02_142,09,100,15,83.41%,72.33%,0.9298,20,상승,
CNN-02_143,09,100,16,84.15%,70.86%,0.9693,20,상승,
CNN-02_144,10,100,1,44.47%,52.36%,1.3465,20,하락,
CNN-02_145,10,100,2,58.50%,61.68%,1.0864,20,하락,
CNN-02_146,10,100,3,64.25%,64.82%,1.0141,20,하락,
CNN-02_147,10,100,4,68.17%,67.68%,0.9372,20,하락,
CNN-02_148,10,100,5,70.54%,68.35%,0.9222,20,하락,
CNN-02_149,10,100,6,72.66%,68.37%,0.9148,20,하락,
CNN-02_150,10,100,7,74.14%,70.13%,0.8619,20,상승,
CNN-02_151,10,100,8,75.87%,68.32%,0.9227,20,하락,
CNN-02_152,10,100,9,77.08%,70.33%,0.8687,20,상승,
CNN-02_153,10,100,10,78.57%,70.60%,0.9133,20,상승,
CNN-02_154,10,100,11,79.53%,71.30%,0.8955,20,상승,
CNN-02_155,10,100,12,80.94%,69.75%,0.9387,20,상승,
CNN-02_156,10,100,13,81.76%,71.11%,0.9233,20,상승,
CNN-02_157,10,100,14,82.81%,71.26%,0.9229,20,상승,
