실험번호,내용,Epoch,종료Epoch,Train Accuracy,Validation Accuracy,Validation Loss,Seed,성능요약,메모
CNN-01_01,기본코드,10,10,,67.83%,1.0147,20,,
CNN-01_02,기본코드,10,10,,68.28%,0.9588,20,,
CNN-01_03,기본코드,10,10,,67.30%,1.0112,20,,
CNN-01_04,기본코드,10,10,,66.49%,1.0251,20,,
CNN-01_05,기본코드,10,10,,68.59%,0.9546,20,,
CNN-01_06,기본코드,10,10,,69.27%,0.9426,20,,
CNN-01_07,기본코드,10,10,,67.85%,0.9956,20,,
CNN-01_08,기본코드,10,10,,67.65%,0.9684,20,,
CNN-01_09,기본코드,10,10,,69.74%,0.9397,20,,
CNN-01_10,기본코드,10,10,,67.53%,1.0098,20,,
CNN-01,평균값,10,10,77.77%,68.05%,0.9820,20,,
